{
  "added_tokens_decoder": {
    "0": {
      "content": "<unk>",
      "lstrip": false,
      "normalized": false,
      "rstrip": false,
      "single_word": false,
      "special": true
    },
    "64000": {
      "content": "<EOS>",
      "lstrip": false,
      "normalized": false,
      "rstrip": false,
      "single_word": false,
      "special": true
    },
    "64001": {
      "content": "<PAD>",
      "lstrip": false,
      "normalized": false,
      "rstrip": false,
      "single_word": false,
      "special": true
    }
  },
  "clean_up_tokenization_spaces": false,
  "eos_token": "<EOS>",
  "max_length": 512,
  "model_max_length": 1000000000000000019884624838656,
  "pad_to_multiple_of": null,
  "pad_token": "<EOS>",
  "pad_token_type_id": 0,
  "padding_side": "right",
  "stride": 0,
  "tokenizer_class": "PreTrainedTokenizerFast",
  "truncation_side": "right",
  "truncation_strategy": "longest_first"
}
